age,sex,bmi,children,smoker,region,expenses
53,female,33.3,0,no,northeast,10564.88
58,female,29.0,0,no,southwest,11842.44
22,male,31.7,0,no,northeast,2254.8
40,female,41.4,1,no,northwest,28476.73
45,female,27.6,1,no,northwest,28340.19
42,female,33.2,1,no,northeast,7639.42
49,female,41.5,4,no,southeast,10977.21
55,female,27.0,0,no,northwest,11082.58
28,male,24.0,3,yes,southeast,17663.14
26,male,23.7,2,no,southwest,3484.33
37,female,26.4,0,yes,southeast,19539.24
27,male,30.5,0,no,southwest,2494.02
60,female,30.5,0,no,southwest,12638.2
43,female,34.6,1,no,northwest,7727.25
59,male,37.4,0,no,southwest,21797.0
29,female,24.6,2,no,southwest,4529.48
51,female,25.8,1,no,southwest,9861.03
55,male,32.8,0,no,northwest,10601.63
44,female,27.5,1,no,southwest,7626.99
26,female,40.2,0,no,northwest,3201.25
52,male,41.8,2,yes,southeast,47269.85
45,female,25.7,3,no,southwest,9101.8
31,female,29.1,0,no,southwest,3761.29
45,male,30.5,2,no,northwest,8413.46
39,male,32.3,2,no,southeast,6338.08
31,female,29.3,1,no,southeast,4350.51
58,male,23.3,0,no,southwest,11345.52
32,female,33.2,3,no,northwest,6128.8
42,male,24.6,0,yes,southeast,19515.54
35,female,31.0,1,no,southwest,5240.77
19,female,28.6,5,no,southwest,4687.8
36,male,29.7,0,no,southeast,4399.73
19,male,26.0,1,yes,northwest,16450.89
20,female,33.3,0,no,southwest,1880.49
31,female,26.6,0,no,southeast,3757.84
18,female,35.6,0,no,northeast,2211.13
19,male,34.8,0,yes,southwest,34779.62
18,male,34.1,0,no,southeast,1137.01
36,male,34.4,2,no,southeast,5584.31
43,male,35.0,1,yes,northeast,41034.22
20,male,39.4,2,yes,southwest,38344.57
53,male,29.5,0,no,southeast,9487.64
61,female,21.1,0,no,northwest,13415.04
52,female,37.4,0,no,southwest,9634.54
23,female,32.8,2,yes,southeast,36021.01
46,male,25.7,3,no,northwest,9301.89
56,female,32.3,3,no,northeast,13430.27
26,male,30.0,1,no,southwest,2904.09
51,male,25.4,0,no,southwest,8782.47
41,male,21.8,1,no,southeast,6272.48
19,male,35.4,0,no,southwest,1263.25
18,male,35.2,1,no,southeast,1727.54
55,male,37.3,0,no,southwest,20630.28
31,male,28.5,5,no,northeast,6799.46
19,female,23.4,2,no,southwest,2913.57
37,female,30.8,2,no,southeast,6313.76
55,female,29.8,0,no,northeast,11286.54
28,male,22.5,2,no,northeast,4428.89
54,male,24.0,0,no,northeast,10422.92
64,female,33.8,1,yes,southwest,47928.03
43,male,36.0,3,yes,southeast,42124.52
18,female,29.2,0,no,northeast,7323.73
54,female,24.6,3,no,northwest,12479.71
50,male,32.3,2,no,southwest,9630.4
46,female,27.7,1,no,southeast,8232.64
43,male,26.0,0,no,northeast,6837.37
19,male,33.1,0,no,southwest,23082.96
19,male,20.6,2,no,northwest,2803.7
37,male,34.1,4,yes,southwest,40182.25
36,female,26.9,0,no,northwest,5267.82
26,male,29.2,1,no,southeast,2902.91
53,male,20.9,0,yes,southeast,21195.82
26,male,32.5,1,no,northeast,3490.55
48,female,41.2,4,no,northwest,11033.66
42,female,25.0,2,no,northwest,8017.06
18,male,16.0,0,no,northeast,1694.8
53,female,37.4,1,no,northwest,10959.69
46,female,48.1,2,no,northeast,9432.93
27,male,30.3,3,no,southwest,4260.74
30,female,23.7,3,yes,northwest,18765.88
27,male,28.5,0,yes,northwest,18310.74
29,male,22.9,0,yes,northeast,16138.76
55,female,25.4,3,no,northeast,13047.33
23,male,50.4,1,no,southeast,2438.06
34,female,33.3,1,no,northeast,5594.85
45,female,30.9,2,no,southwest,8520.03
18,male,23.1,0,no,northeast,1704.7
41,male,35.8,1,yes,southeast,40273.65
54,female,35.8,3,no,northwest,12495.29
27,female,21.5,0,no,northwest,3353.47
39,female,24.2,5,no,northwest,8965.8
45,male,27.5,3,no,southwest,8615.3
47,female,27.8,0,yes,southeast,23065.42
30,female,33.3,1,no,southeast,4151.03
18,male,33.7,0,no,southeast,1136.4
38,female,40.6,1,no,northwest,6373.56
28,male,37.1,1,no,southwest,3277.16
34,male,30.8,0,yes,southwest,35491.64
42,male,24.6,2,yes,northeast,21259.38
48,female,27.4,1,no,northeast,9447.38
23,female,24.2,2,no,northeast,22395.74
41,male,30.6,2,no,northwest,7256.72
33,male,27.5,2,no,northwest,5261.47
40,female,32.8,2,yes,northwest,40003.33
25,male,24.1,0,yes,northwest,15817.99
19,male,28.7,0,no,southwest,1253.94
50,male,31.8,0,yes,northeast,41097.16
49,female,21.3,1,no,southwest,9182.17
48,female,35.9,1,no,northeast,26392.26
59,female,32.4,3,no,northeast,14590.63
29,female,25.6,4,no,southwest,5708.87
23,female,31.4,0,yes,southwest,34166.27
25,male,35.6,0,no,northwest,2534.39
47,male,28.2,3,yes,northwest,24915.22
46,female,33.7,1,no,northeast,8823.99
59,female,26.7,3,no,northwest,14382.71
57,female,20.1,1,no,southwest,12032.33
27,male,45.9,2,no,southwest,3693.43
35,male,34.8,2,no,northwest,5729.01
49,male,30.9,0,yes,southwest,39727.61
40,male,41.2,1,no,northeast,6610.11
34,female,30.2,1,yes,northwest,43943.88
50,female,25.6,0,no,southwest,8932.08
54,male,29.2,1,no,southwest,10436.1
18,male,25.2,0,yes,northeast,15518.18
49,male,37.5,2,no,southeast,9304.7
55,male,33.9,3,no,southeast,11987.17
53,female,35.9,2,no,southwest,11163.57
24,male,31.1,0,yes,northeast,34254.05
27,female,20.0,3,yes,northwest,16420.49
46,female,28.1,1,no,southeast,8233.1
26,male,29.5,0,no,northeast,2897.32
26,female,29.9,1,no,southeast,3392.98
49,female,22.6,1,no,northwest,9566.99
19,female,17.8,0,no,southwest,1727.79
42,male,26.3,1,no,northwest,6940.91
62,female,26.3,0,yes,southeast,27808.73
36,male,33.4,2,yes,southwest,38415.47
60,female,25.8,0,no,northwest,28923.14
41,female,32.6,3,no,southwest,7954.52
60,male,24.3,0,no,northwest,12523.6
57,male,40.4,0,no,southeast,10982.5
51,female,34.1,0,no,southeast,9283.56
50,male,25.3,0,no,southeast,8442.67
27,male,33.7,0,no,southeast,2498.41
31,female,21.8,0,no,northwest,4134.08
23,female,28.1,0,no,northwest,2690.11
22,female,39.8,0,no,northeast,2755.02
33,female,42.9,3,no,northwest,6360.99
53,male,34.1,0,yes,northeast,43254.42
52,female,23.2,0,no,northeast,10197.77
50,male,27.5,1,no,northeast,9617.66
48,male,40.2,0,no,southeast,7804.16
31,male,36.3,2,yes,southwest,38711.0
59,female,27.5,0,no,southwest,12233.83
60,female,27.6,0,no,northeast,13217.09
63,female,21.7,0,no,northeast,14449.85
33,male,33.4,5,no,southeast,6653.79
18,male,30.4,3,no,northeast,3481.87
27,female,31.4,0,yes,southwest,34838.87
22,female,24.3,0,no,southwest,2150.47
49,female,36.6,3,no,southeast,10381.48
25,female,24.3,3,no,southwest,4391.65
19,male,44.9,0,yes,southeast,39722.75
26,female,34.2,2,no,southwest,3987.93
48,male,32.3,1,no,northwest,8765.25
32,female,28.9,0,no,southeast,3972.92
64,female,26.9,0,yes,northwest,29330.98
48,male,37.3,2,no,southeast,8978.19
22,female,36.0,0,no,southwest,2166.73
24,female,33.3,0,no,northwest,2855.44
56,male,20.0,0,yes,northeast,22412.65
30,male,35.3,0,yes,southwest,36837.47
63,male,21.7,1,no,northwest,14349.85
18,female,33.2,0,no,northeast,2207.7
50,female,28.1,3,no,northwest,11085.59
34,male,32.8,1,no,southwest,14358.36
52,female,37.5,2,no,northwest,33471.97
34,female,19.0,3,no,northeast,6753.04
19,female,30.0,0,yes,northwest,33307.55
18,female,42.2,0,yes,southeast,38792.69
48,female,36.6,0,no,northwest,8671.19
41,female,31.6,1,no,northeast,7358.18
20,male,35.3,1,no,southeast,27724.29
35,female,34.2,1,no,southeast,5245.23
40,female,29.6,0,no,southwest,5910.94
23,female,28.3,0,yes,northwest,18033.97
45,male,30.2,1,no,southwest,7441.05
63,male,33.1,0,no,southwest,13393.76
38,male,21.1,3,no,southeast,6652.53
24,male,29.8,0,yes,northeast,18648.42
41,female,28.1,1,no,southeast,6770.19
20,female,22.4,0,yes,northwest,14711.74
28,female,34.8,0,no,northwest,3556.92
45,male,30.4,0,yes,southeast,62592.87
49,female,27.1,1,no,southwest,26140.36
24,female,29.9,0,no,northwest,2850.68
51,male,30.0,1,no,southeast,9377.9
56,male,40.3,0,no,southwest,10602.39
37,male,24.3,2,no,northwest,6198.75
26,male,27.3,3,no,northeast,4661.29
35,female,35.8,1,no,northwest,5630.46
18,male,26.2,2,no,southeast,2304.0
39,male,28.3,1,yes,southwest,21082.16
25,female,20.8,1,no,southwest,3208.79
29,female,26.0,0,no,northwest,3736.46
24,male,29.3,0,no,southwest,1977.82
24,male,33.6,4,no,northeast,17128.43
40,male,29.9,2,no,southwest,6600.36
24,female,25.3,0,no,northeast,3044.21
18,male,43.0,0,no,southeast,1149.4
42,female,37.9,0,no,southwest,6474.01
32,female,17.8,2,yes,northwest,32734.19
28,male,33.8,0,no,northwest,19673.34
33,female,33.5,0,yes,southwest,37079.37
58,female,31.8,2,no,northeast,13607.37
64,male,25.6,2,no,southwest,14988.43
36,female,25.9,1,no,southwest,5472.45
27,female,30.6,1,no,northeast,16796.41
56,male,32.1,1,no,northeast,11763.0
50,female,27.8,3,no,southeast,19749.38
41,male,29.6,5,no,northeast,9222.4
27,female,23.2,1,no,southeast,3561.89
21,male,25.7,2,no,northeast,3279.87
60,female,24.0,0,no,northwest,13012.21
20,male,29.7,0,no,northwest,1769.53
38,female,28.9,1,no,southeast,5974.38
39,male,42.7,0,no,northeast,5757.41
23,female,36.7,2,yes,northeast,38511.63
45,female,38.3,0,no,northeast,7935.29
38,male,37.1,1,no,northeast,6079.67
63,male,31.4,0,no,northeast,13974.46
36,female,22.6,2,yes,southwest,18608.26
47,female,26.6,2,no,northeast,9715.84
18,male,31.7,0,yes,northeast,33732.69
22,female,21.3,3,no,northwest,4296.27
26,male,27.1,0,yes,southeast,17043.34
30,male,27.6,1,no,northeast,4237.13
19,female,28.4,1,no,southwest,2331.52
50,female,30.1,1,no,northwest,9910.36
57,male,40.3,0,no,northeast,20709.02
44,female,43.9,2,yes,southeast,46200.99
53,female,23.8,2,no,northeast,11729.68
55,female,30.5,0,no,southwest,10704.47
32,male,33.6,1,yes,northeast,37607.53
42,female,26.6,0,yes,northwest,21348.71
46,male,42.4,3,yes,southeast,46151.12
56,female,25.3,0,no,southwest,11070.54
34,female,33.7,1,no,southwest,5012.47
59,female,32.1,3,no,southwest,14007.22
36,female,27.7,0,no,northeast,5469.01
20,female,29.0,0,no,northwest,2257.48
55,male,27.6,0,no,northwest,10594.5
60,female,24.5,0,no,southeast,12629.9
44,female,25.8,1,no,southwest,7624.63
25,female,41.3,0,no,northeast,17878.9
26,female,22.6,0,no,northwest,3176.82
41,female,28.3,1,no,northwest,7153.55
32,female,37.1,3,no,northeast,6334.34
58,female,32.4,1,no,northeast,13019.16
53,male,31.4,0,no,southeast,27346.04
26,female,42.4,1,no,southwest,3410.32
63,male,35.1,0,yes,southeast,47055.53
21,female,22.1,0,no,northeast,2585.85
19,male,25.2,0,no,northwest,1632.04
47,female,24.3,0,no,northeast,8534.67
19,female,28.3,0,yes,southwest,17081.08
25,male,25.0,2,no,northeast,23241.47
49,male,31.4,1,no,northeast,9290.14
40,female,27.4,1,no,southwest,6496.89
38,male,38.4,3,yes,southeast,41949.24
51,male,22.4,0,no,northeast,9361.33
27,male,32.6,3,no,northeast,4846.92
47,male,19.6,1,no,northwest,8428.07
40,female,22.2,2,yes,southeast,19444.27
21,male,29.0,0,no,northwest,1906.36
37,female,47.6,2,yes,southwest,46113.51
36,male,31.5,0,no,southwest,4402.23
20,female,24.4,0,yes,southeast,26125.67
52,female,30.9,0,no,northeast,23045.57
55,female,26.8,1,no,southwest,35160.13
33,male,42.5,1,no,southeast,11326.71
23,male,37.1,3,no,southwest,3597.6
27,male,32.7,0,no,southeast,2497.04
46,female,28.9,2,no,southwest,8823.28
58,female,41.9,0,no,southeast,24227.34
22,male,39.5,0,no,southwest,1682.6
19,male,20.4,0,no,northwest,1625.43
20,male,30.1,5,no,northeast,4915.06
30,female,39.1,3,yes,southeast,40932.43
22,female,31.0,3,yes,southeast,35595.59
33,female,19.1,2,yes,northeast,16776.3
53,female,39.6,1,no,southeast,10579.71
18,female,31.4,0,no,southeast,1622.19
34,male,35.8,0,no,northwest,4320.41
34,female,26.7,1,no,southeast,5002.78
60,female,18.3,0,no,northeast,13204.29
63,female,27.7,0,yes,northeast,29523.17
44,male,38.1,1,no,southeast,7152.67
48,male,29.6,0,no,southwest,21232.18
33,male,35.2,0,no,northeast,12404.88
59,male,24.7,0,no,northeast,12323.94
29,male,38.9,1,no,southeast,3471.41
64,male,37.0,2,yes,southeast,49577.66
57,male,34.0,0,no,northwest,11356.66
24,female,34.0,0,no,southeast,2473.33
57,male,27.9,1,no,southeast,11554.22
32,male,28.9,1,yes,southeast,19719.69
55,male,29.9,0,no,southwest,10214.64
49,female,33.3,2,no,northeast,10370.91
54,male,40.6,3,yes,northeast,48549.18
44,male,29.7,2,no,northeast,32108.66
51,female,37.7,1,no,southeast,9877.61
27,female,32.4,1,no,northeast,18903.49
21,male,31.0,0,no,southeast,16586.5
47,male,32.3,1,no,southwest,8062.76
23,male,23.8,0,no,northeast,2395.17
39,female,18.3,5,yes,southwest,19023.26
35,male,27.7,2,yes,northeast,20984.09
25,female,26.8,2,no,northwest,4189.11
35,male,17.9,1,no,northwest,5116.5
33,male,30.3,0,no,southeast,3704.35
40,female,23.4,3,no,northeast,8252.28
41,female,31.6,0,no,southwest,6186.13
29,female,31.2,0,no,northeast,3943.6
34,male,22.4,2,no,northeast,27375.9
20,male,30.7,0,yes,northeast,33475.82
63,female,36.3,0,no,southeast,13887.2
19,female,28.3,0,yes,northwest,17468.98
33,female,35.5,0,yes,northwest,55135.4
55,male,37.7,3,no,northwest,30063.58
50,male,44.8,1,no,southeast,9058.73
62,male,30.9,3,yes,northwest,46718.16
54,male,21.0,2,no,southeast,11013.71
29,male,32.1,2,no,northwest,4433.92
57,male,31.5,0,no,northwest,11353.23
58,female,33.1,0,no,southwest,11848.14
19,female,25.7,1,no,northwest,2710.83
56,female,28.6,0,no,northeast,11658.12
18,male,33.5,0,yes,northeast,34617.84
28,male,36.4,1,yes,southwest,51194.56
61,male,23.7,0,no,northeast,13129.6
33,female,24.3,0,no,southeast,4185.1
54,female,31.9,1,no,southeast,10928.85
28,female,33.4,0,no,southwest,3172.02
21,female,33.6,2,no,northwest,3579.83
50,female,23.5,2,no,southeast,10107.22
42,female,23.4,0,yes,northeast,19964.75
30,female,43.1,2,no,southeast,4753.64
19,female,36.6,0,no,northwest,2136.88
53,male,26.4,2,no,northeast,11244.38
19,male,20.3,0,no,southwest,1242.26
25,male,27.6,0,no,northwest,2523.17
27,female,24.1,0,no,southwest,2974.13
30,female,28.4,1,no,northwest,4527.18
50,male,32.2,0,no,northwest,8835.26
44,male,27.4,2,no,southwest,7726.85
32,male,37.2,2,no,southeast,4673.39
54,male,33.6,1,no,northwest,10825.25
20,male,40.5,0,no,northeast,1984.45
23,male,34.4,0,no,southwest,1826.84
34,female,37.3,2,no,northwest,5989.52
23,male,32.7,3,no,southwest,3591.48
47,female,27.6,2,yes,northwest,24535.7
55,female,40.8,3,no,southeast,12485.8
36,male,27.6,3,no,northeast,6746.74
46,male,40.4,2,no,northwest,8733.23
19,male,22.6,0,no,northwest,1628.47
47,male,36.1,1,yes,southeast,42211.14
25,male,45.5,2,yes,southeast,42112.24
49,male,25.6,2,yes,southwest,23306.55
62,female,29.9,0,no,southeast,13457.96
26,male,35.4,0,no,southeast,2322.62
38,male,19.3,0,yes,southwest,15820.7
55,female,37.1,0,no,southwest,10713.64
50,female,44.7,0,no,northeast,9541.7
61,male,33.5,0,no,northeast,13143.34
51,female,34.2,1,no,southwest,9872.7
36,male,28.0,1,yes,northeast,20773.63
53,male,24.3,0,no,northwest,9863.47
23,male,41.9,0,no,southeast,1837.28
48,male,36.7,1,no,northwest,28468.92
32,female,44.2,0,no,southeast,3994.18
21,male,23.8,2,no,northwest,3077.1
58,male,32.0,1,no,southeast,11946.63
49,male,25.8,2,yes,northwest,23807.24
19,female,27.9,0,yes,southwest,16884.92
28,male,33.0,3,no,southeast,4449.46
60,male,28.9,0,no,southwest,12146.97
41,male,33.6,0,no,southeast,5699.84
20,male,28.0,1,yes,northwest,17560.38
51,male,23.2,1,yes,southeast,22218.11
32,male,28.1,4,yes,northwest,21472.48
42,male,28.3,3,yes,northwest,32787.46
41,male,40.3,0,no,southeast,5709.16
32,female,41.1,0,no,southwest,3989.84
47,female,45.3,1,no,southeast,8569.86
28,female,26.3,3,no,northwest,5312.17
63,female,26.2,0,no,northwest,14256.19
60,male,28.6,0,no,northeast,30260.0
53,female,32.3,2,no,northeast,29186.48
19,female,29.8,0,no,southwest,1744.47
24,male,26.8,1,no,northwest,12609.89
26,female,17.2,2,yes,northeast,14455.64
51,female,40.7,0,no,northeast,9875.68
51,male,39.7,1,no,southwest,9391.35
38,female,37.7,0,no,southeast,5397.62
60,male,32.8,0,yes,southwest,52590.83
37,male,36.2,0,no,southeast,19214.71
48,male,31.4,1,no,northeast,8964.06
34,male,34.2,0,no,southeast,3935.18
61,female,28.2,0,no,southwest,13041.92
26,male,30.9,2,no,northwest,3877.3
54,female,47.4,0,yes,southeast,63770.43
33,male,27.1,1,yes,southwest,19040.88
19,male,37.0,0,yes,northwest,36219.41
44,female,27.6,0,no,northwest,7421.19
30,male,38.8,1,no,southeast,18963.17
36,female,25.8,0,no,northwest,5266.37
33,female,39.8,1,no,southeast,4795.66
30,female,27.7,0,no,southwest,3554.2
49,female,31.9,5,no,southwest,11552.9
33,female,38.9,3,no,southwest,5972.38
57,female,25.7,2,no,southeast,12629.17
31,male,38.4,2,no,southeast,4463.21
19,female,34.7,2,yes,southwest,36397.58
63,male,41.5,0,no,southeast,13405.39
24,male,28.5,2,no,northwest,3537.7
23,male,24.5,0,no,northeast,2396.1
19,female,20.6,0,no,southwest,1731.68
28,female,33.1,0,no,southeast,3171.61
60,male,33.1,3,no,southeast,13919.82
24,male,32.7,0,yes,southwest,34472.84
49,female,34.8,1,no,northwest,9583.89
62,male,21.4,0,no,southwest,12957.12
63,female,37.7,0,yes,southwest,48824.45
45,female,36.3,2,no,southeast,8527.53
55,male,35.2,1,no,northeast,11394.07
57,female,24.0,1,no,southeast,22192.44
45,male,23.6,2,no,northeast,8603.82
55,female,29.7,2,no,southwest,11881.36
54,male,30.2,0,no,northwest,10231.5
44,male,39.5,0,no,northwest,6948.7
55,male,32.7,1,no,southeast,10807.49
60,female,32.5,0,yes,southeast,45008.96
19,female,32.9,0,no,southwest,1748.77
21,female,25.8,0,no,southwest,2007.95
58,female,33.4,0,no,northwest,12231.61
19,male,34.1,0,no,southwest,1261.44
43,female,25.3,1,yes,northeast,21771.34
40,male,25.0,2,no,southeast,6593.51
56,male,25.9,0,no,northeast,11165.42
18,male,33.3,0,no,southeast,1135.94
46,male,27.6,0,no,southwest,24603.05
48,female,31.1,0,no,southeast,8280.62
44,male,34.3,1,no,southeast,7147.47
41,female,32.2,1,no,southwest,6775.96
61,female,44.0,0,no,southwest,13063.88
46,female,34.6,1,yes,southwest,41661.6
51,male,24.8,2,yes,northwest,23967.38
37,male,37.1,1,yes,southeast,39871.7
26,female,22.2,0,no,northwest,3176.29
27,male,29.2,0,yes,southeast,18246.5
18,female,33.9,0,no,southeast,11482.63
18,female,20.8,0,no,southeast,1607.51
42,male,34.1,0,no,southwest,5979.73
52,female,44.7,3,no,southwest,11411.69
55,female,30.1,2,no,southeast,11881.97
40,male,41.7,0,no,southeast,5438.75
24,female,24.2,0,no,northwest,2842.76
62,female,25.0,0,no,southwest,13451.12
51,male,36.0,1,no,southeast,9386.16
43,female,30.7,2,no,northwest,8310.84
24,female,20.5,0,yes,northeast,14571.89
44,male,30.7,2,no,southeast,7731.43
25,male,26.7,4,no,northwest,4877.98
45,male,22.9,0,yes,northeast,35069.37
22,male,28.9,0,no,northeast,2250.84
35,female,34.1,3,yes,northwest,39983.43
62,male,32.0,0,yes,northeast,45710.21
58,male,34.9,0,no,northeast,11944.59
18,male,30.0,1,no,southeast,1720.35
24,female,30.2,3,no,northwest,4618.08
53,male,31.2,1,no,northwest,10461.98
32,female,20.5,0,no,northeast,4544.23
37,male,29.8,2,no,northeast,6406.41
19,female,28.9,0,yes,northwest,17748.51
57,female,22.2,0,no,northeast,12029.29
31,female,36.6,2,no,southeast,4949.76
24,male,28.5,0,yes,northeast,35147.53
43,female,24.7,2,yes,northwest,21880.82
47,female,32.0,1,no,southwest,8551.35
62,female,38.1,2,no,northeast,15230.32
33,male,24.8,0,yes,northeast,17904.53
18,female,31.4,4,no,northeast,4561.19
18,female,25.1,0,no,northeast,2196.47
50,male,32.3,1,yes,northeast,41919.1
58,male,30.3,0,no,northeast,11938.26
37,male,29.6,0,no,northwest,5028.15
46,male,25.8,5,no,southwest,10096.97
60,female,35.1,0,no,southwest,12644.59
64,male,23.8,0,yes,southeast,26926.51
19,female,30.6,2,no,northwest,24059.68
52,male,30.2,1,no,southwest,9724.53
24,male,23.7,0,no,northwest,2352.97
19,male,34.4,0,no,southwest,1261.86
34,male,27.0,2,no,southwest,11737.85
60,female,38.1,0,no,southeast,12648.7
36,male,35.2,1,yes,southeast,38709.18
60,male,25.7,0,no,southeast,12142.58
25,female,34.0,1,no,southeast,3227.12
23,male,17.4,1,no,northwest,2775.19
19,female,27.9,3,no,northwest,18838.7
53,male,36.6,3,no,southwest,11264.54
46,male,30.5,3,yes,northwest,40720.55
28,male,31.7,0,yes,southeast,34672.15
38,female,40.2,0,no,southeast,5400.98
45,female,28.6,2,no,southeast,8516.83
42,male,35.8,2,no,southwest,7160.09
50,male,37.1,1,no,southeast,9048.03
28,female,23.8,2,no,northwest,4719.74
38,female,20.0,2,no,northeast,7133.9
37,male,34.2,1,yes,northeast,39047.29
32,male,31.5,1,no,southwest,4076.5
25,male,30.6,0,no,northeast,2727.4
22,male,34.8,3,no,southwest,3443.06
47,female,33.3,0,no,northeast,20878.78
44,male,30.2,2,yes,southwest,38998.55
55,male,38.3,0,no,southeast,10226.28
62,female,32.7,0,no,northwest,13844.8
55,male,30.7,0,yes,northeast,42303.69
22,female,30.4,0,no,northeast,2741.95
33,female,22.1,1,no,northeast,5354.07
38,male,31.0,1,no,southwest,5488.26
58,female,39.1,0,no,southeast,11856.41
38,female,27.6,0,no,southwest,5383.54
24,female,23.2,0,no,southeast,25081.77
19,male,29.1,0,yes,northwest,17352.68
62,male,38.8,0,no,southeast,12981.35
47,female,29.4,1,no,southeast,8547.69
46,male,19.9,0,no,northwest,7526.71
37,female,25.6,1,yes,northeast,20296.86
35,female,23.5,2,no,northeast,6402.29
19,female,30.5,0,no,northwest,2128.43
53,male,30.5,0,no,northeast,10072.06
51,male,32.3,1,no,northeast,9964.06
52,female,31.7,2,no,northwest,11187.66
63,male,39.8,3,no,southwest,15170.07
22,female,23.2,0,no,northeast,2731.91
63,female,36.9,0,no,southeast,13887.97
18,female,40.3,0,no,southeast,1634.57
46,male,33.3,1,no,northeast,8334.46
19,male,28.4,1,no,southwest,1842.52
39,female,22.8,3,no,northeast,7985.82
41,male,34.2,2,no,northwest,7261.74
52,male,36.8,2,no,northwest,26467.1
60,female,28.7,1,no,southwest,13224.69
30,female,27.9,0,no,northeast,4137.52
42,male,26.1,2,no,northeast,7729.65
61,male,32.3,2,no,northwest,14119.62
22,female,30.4,0,yes,northwest,33907.55
57,male,29.0,0,yes,northeast,27218.44
22,male,28.3,1,no,northwest,2639.04
43,female,32.6,3,yes,southeast,40941.29
31,male,25.9,3,yes,southwest,19199.94
41,male,30.8,3,yes,northeast,39597.41
18,female,40.3,0,no,northeast,2217.6
42,female,29.5,2,no,southeast,7640.31
58,female,28.2,0,no,northwest,12224.35
38,female,28.0,3,no,southwest,7151.09
57,female,28.7,0,no,southwest,11455.28
49,male,35.9,0,no,southeast,8124.41
35,male,28.9,3,no,southwest,5926.85
51,female,21.6,1,no,southeast,9855.13
29,female,20.2,2,no,northwest,4906.41
43,female,34.4,3,no,southwest,8522.0
57,female,28.8,4,no,northeast,14394.4
23,female,34.9,0,no,northeast,2899.49
19,male,17.5,0,no,northwest,1621.34
36,female,22.1,3,no,northeast,7228.22
18,male,21.8,2,no,southeast,11884.05
58,female,25.2,0,no,southwest,11837.16
37,male,30.8,0,no,southwest,4646.76
55,female,35.2,0,yes,southeast,44423.8
61,female,39.1,2,no,southwest,14235.07
64,male,39.2,1,no,southeast,14418.28
58,male,25.2,0,no,northeast,11931.13
32,female,24.6,0,yes,southwest,17496.31
42,female,26.2,1,no,southeast,7046.72
43,male,20.1,2,yes,southeast,18767.74
36,female,19.9,0,no,northeast,5458.05
29,female,35.5,0,no,southeast,3366.67
38,male,28.3,1,no,southeast,5484.47
56,male,31.8,2,yes,southeast,43813.87
28,female,37.6,1,no,southeast,3766.88
51,male,33.3,3,no,southeast,10560.49
20,female,29.6,0,no,southwest,1875.34
44,female,29.8,2,no,southeast,8219.2
30,male,25.5,0,no,northeast,3645.09
64,female,39.7,0,no,southwest,14319.03
44,female,32.3,1,no,southeast,7633.72
48,male,40.6,2,yes,northwest,45702.02
50,female,31.6,2,no,southwest,10118.42
37,male,29.8,0,no,southwest,20420.6
44,male,37.1,2,no,southwest,7740.34
23,female,35.0,3,no,northwest,4466.62
63,female,35.2,1,no,southeast,14474.68
39,male,24.5,2,no,northwest,6710.19
60,male,39.9,0,yes,southwest,48173.36
22,male,32.1,0,no,northwest,2055.32
48,female,28.9,0,no,southwest,8277.52
27,female,25.2,0,no,northeast,3558.62
19,male,19.8,0,no,southwest,1241.57
19,male,20.9,1,no,southwest,1832.09
59,male,41.1,1,yes,southeast,48970.25
52,female,24.1,1,yes,northwest,23887.66
54,male,39.6,1,no,southwest,10450.55
39,male,35.3,2,yes,southwest,40103.89
19,male,25.6,1,no,northwest,2221.56
57,female,29.8,0,yes,southeast,27533.91
24,male,32.0,0,no,southeast,1981.58
18,male,23.8,0,no,northeast,1705.62
64,male,33.9,0,yes,southeast,46889.26
48,female,33.3,0,no,southeast,8283.68
47,male,38.9,2,yes,southeast,44202.65
18,female,39.8,0,no,southeast,1633.96
36,female,30.0,0,no,northwest,5272.18
53,male,21.4,1,no,southwest,10065.41
28,female,26.5,2,no,southeast,4340.44
18,female,28.2,0,no,northeast,2200.83
24,female,22.6,0,no,southwest,2457.5
30,female,32.4,1,no,southwest,4149.74
52,male,36.7,0,no,southwest,9144.57
40,male,26.3,1,no,northwest,6389.38
44,female,39.0,0,yes,northwest,42983.46
18,female,30.1,0,no,northeast,21344.85
47,female,33.9,3,no,northwest,10115.01
18,female,37.3,1,no,southeast,2219.45
59,male,31.8,2,no,southeast,12928.79
57,male,28.1,0,no,southwest,10965.45
54,male,34.2,2,yes,southeast,44260.75
50,male,34.2,2,yes,southwest,42856.84
23,male,26.5,0,no,southeast,1815.88
21,male,36.9,0,no,southeast,1534.3
36,male,28.9,3,no,northeast,6748.59
57,female,31.2,0,yes,northwest,43578.94
49,female,42.7,2,no,southeast,9800.89
48,female,33.1,0,yes,southeast,40974.16
60,male,31.4,3,yes,northwest,46130.53
41,male,23.9,1,no,northeast,6858.48
56,female,28.3,0,no,northeast,11657.72
57,male,33.6,1,no,northwest,11945.13
19,male,30.4,0,no,southwest,1256.3
46,male,43.9,3,no,southeast,8944.12
48,female,32.2,1,no,southeast,8871.15
54,female,30.8,3,no,southwest,12105.32
32,female,23.7,1,no,southeast,17626.24
42,female,41.3,1,no,northeast,7650.77
32,male,37.3,1,no,northeast,4667.61
30,male,44.2,2,no,southeast,4266.17
55,female,33.5,2,no,northwest,12269.69
26,male,20.8,0,no,southwest,2302.3
29,female,21.9,0,yes,northeast,16115.3
50,female,28.2,3,no,southeast,10702.64
35,male,38.6,1,no,southwest,4762.33
39,male,26.2,1,no,northwest,6123.57
59,female,27.7,3,no,southeast,14001.13
48,female,27.3,1,no,northeast,9447.25
29,male,31.7,2,no,northwest,4433.39
47,female,36.6,1,yes,southeast,42969.85
37,female,38.4,0,yes,southeast,40419.02
59,female,27.8,3,no,southeast,14001.29
56,male,34.4,0,no,southeast,10594.23
51,female,35.0,2,yes,northeast,44641.2
58,female,22.8,0,no,southeast,11833.78
48,female,25.9,3,yes,southeast,24180.93
39,female,41.8,0,no,southeast,5662.23
37,female,34.1,1,no,northwest,6112.35
21,male,20.2,3,no,northeast,3861.21
52,male,24.3,3,yes,northeast,24869.84
26,female,29.6,4,no,northeast,24671.66
20,female,31.9,0,no,northwest,2261.57
20,male,22.0,1,no,southwest,1964.78
31,male,30.9,0,no,northeast,3857.76
63,male,41.3,3,no,northwest,15555.19
33,male,35.8,1,yes,southeast,38282.75
58,male,38.0,0,no,southwest,11365.95
34,male,34.7,0,no,northeast,4518.83
59,female,26.5,0,no,northeast,12815.44
48,female,27.9,4,no,northwest,11015.17
35,female,27.7,3,no,southwest,6414.18
24,male,40.2,0,yes,southeast,38126.25
20,female,37.0,5,no,southwest,4830.63
52,female,31.2,0,no,southwest,9625.92
56,male,22.1,0,no,southwest,10577.09
31,male,29.8,0,yes,southeast,19350.37
33,female,28.3,1,no,southeast,4779.6
25,male,23.9,5,no,southwest,5080.1
45,male,22.9,2,yes,northwest,21098.55
59,female,34.8,2,no,southwest,36910.61
55,female,32.4,1,no,northeast,11879.1
29,female,25.9,0,no,southwest,3353.28
18,male,17.3,2,yes,northeast,12829.46
18,female,21.7,0,yes,northeast,14283.46
58,female,33.0,0,no,northeast,12430.95
18,male,53.1,0,no,southeast,1163.46
49,male,28.7,1,no,southwest,8703.46
49,female,23.2,2,no,northwest,10156.78
44,male,25.4,1,no,northwest,7518.03
28,female,25.8,0,no,southwest,3161.45
33,female,36.3,3,no,northeast,6551.75
47,female,24.1,1,no,southwest,26236.58
21,female,34.6,0,no,southwest,2020.18
34,female,29.3,3,no,southeast,6184.3
60,male,40.9,0,yes,southeast,48673.56
61,female,29.1,0,yes,northwest,29141.36
19,female,33.1,0,yes,southeast,34439.86
63,female,27.0,0,yes,northwest,28950.47
22,male,25.2,0,no,northwest,2045.69
18,male,29.4,1,no,southeast,1719.44
54,female,32.3,1,no,northeast,11512.41
28,male,24.3,5,no,southwest,5615.37
61,female,29.9,3,yes,southeast,30942.19
60,male,29.6,0,no,northeast,12731.0
37,female,30.8,0,yes,northeast,37270.15
56,female,35.8,1,no,southwest,11674.13
53,female,38.1,3,no,southeast,20463.0
56,male,39.6,0,no,southwest,10601.41
35,male,34.3,3,no,southeast,5934.38
56,female,33.8,2,no,northwest,12643.38
19,female,32.5,0,yes,northwest,36898.73
29,female,38.8,3,no,southeast,5138.26
45,female,33.1,0,no,southwest,7345.08
45,male,36.5,2,yes,northwest,42760.5
18,female,26.7,0,no,southeast,1615.77
32,male,30.8,3,no,southwest,5253.52
18,male,26.1,0,no,northeast,1708.93
30,male,24.1,1,no,northwest,4032.24
31,female,25.8,2,no,southwest,4934.71
23,female,42.8,1,yes,northeast,40904.2
18,male,31.7,2,yes,southeast,34303.17
18,male,25.5,0,no,northeast,1708.0
46,male,22.3,0,no,southwest,7147.11
26,male,31.1,0,no,northwest,2699.57
25,female,30.2,0,yes,southwest,33900.65
62,female,39.2,0,no,southwest,13470.86
31,female,25.7,0,no,southeast,3756.62
25,female,30.3,0,no,southwest,2632.99
26,female,28.8,0,no,northeast,3385.4
22,male,37.6,1,yes,southeast,37165.16
41,male,28.8,1,no,southwest,6282.24
54,female,21.5,3,no,northwest,12475.35
27,female,24.8,0,yes,southeast,16577.78
46,female,30.2,2,no,southwest,8825.09
49,female,29.9,0,no,northwest,8988.16
54,female,46.7,2,no,southwest,11538.42
64,male,34.5,0,no,southwest,13822.8
43,male,30.1,3,no,northwest,8410.05
58,female,27.2,0,no,northwest,12222.9
43,male,25.5,5,no,southeast,14478.33
18,female,24.1,1,no,southeast,2201.1
53,male,41.5,0,no,southeast,9504.31
44,female,38.1,0,yes,southeast,48885.14
61,male,35.9,0,yes,southeast,46599.11
35,female,34.8,1,no,southwest,5246.05
26,female,29.9,2,no,southeast,3981.98
21,female,39.5,0,no,southeast,2026.97
32,male,27.8,1,no,northwest,4454.4
42,female,36.2,1,no,northwest,7443.64
43,female,35.6,1,no,southeast,7345.73
27,male,42.1,0,yes,southeast,39611.76
20,male,33.0,1,no,southwest,1980.07
52,male,33.3,0,no,northeast,9722.77
44,male,21.9,3,no,northeast,8891.14
57,female,30.5,0,no,northwest,11840.78
28,male,29.3,2,no,northeast,4438.26
22,male,37.1,2,yes,southeast,37484.45
27,male,26.0,0,no,northeast,3070.81
28,male,30.9,0,no,northwest,3062.51
22,male,31.4,1,no,northwest,2643.27
28,female,28.9,1,no,northeast,4337.74
20,male,27.3,0,yes,southwest,16232.85
62,male,27.6,1,no,northwest,13937.67
51,male,42.9,2,yes,southeast,47462.89
64,female,31.8,2,no,northeast,16069.08
50,male,26.6,0,no,southwest,8444.47
46,female,27.7,0,no,northwest,8026.67
19,female,21.7,0,yes,southwest,13844.51
63,male,36.8,0,no,northeast,13981.85
22,female,20.2,0,no,northwest,2527.82
28,female,33.0,2,no,southeast,4349.46
36,female,29.9,1,no,southeast,5478.04
24,male,23.4,0,no,southwest,1969.61
31,female,32.7,1,no,northwest,4738.27
36,female,26.2,0,no,southwest,4883.87
19,female,39.6,1,no,northwest,2730.11
57,male,40.9,0,no,northeast,11566.3
52,female,33.3,2,no,southwest,10806.84
54,male,30.8,1,yes,southeast,41999.52
38,male,34.7,2,no,southwest,6082.41
45,female,40.0,3,no,northeast,9704.67
18,female,40.2,0,no,northeast,2217.47
47,male,29.8,3,yes,southwest,25309.49
44,female,25.0,1,no,southwest,7623.52
25,male,29.7,3,yes,southwest,19933.46
30,female,20.0,3,no,northwest,5693.43
52,male,27.4,0,yes,northwest,24393.62
29,male,22.5,3,no,northeast,5209.58
57,female,23.2,0,no,northwest,11830.61
56,female,41.9,0,no,southeast,11093.62
18,female,32.1,2,no,southeast,2801.26
39,female,23.3,3,no,northeast,7986.48
18,female,38.2,0,no,southeast,1631.67
46,male,26.6,1,no,southeast,7742.11
34,male,25.3,2,yes,southeast,18972.5
56,male,33.7,0,no,northwest,10976.25
59,male,29.8,3,yes,northeast,30184.94
40,female,28.1,1,yes,northeast,22331.57
54,female,27.6,1,no,northwest,11305.93
61,male,31.6,0,no,southeast,12557.61
47,female,36.0,1,no,southwest,8556.91
30,female,21.9,1,no,northeast,4718.2
59,male,26.4,0,no,southeast,11743.3
48,male,30.2,2,no,southwest,8968.33
30,female,22.9,1,no,northeast,4719.52
51,female,36.7,2,no,northwest,10848.13
56,female,28.8,0,no,northeast,11658.38
25,male,33.3,2,yes,southeast,36124.57
20,female,21.8,0,yes,southwest,20167.34
42,male,30.0,0,yes,southwest,22144.03
55,male,29.0,0,no,northeast,10796.35
36,female,29.0,4,no,southeast,7243.81
30,male,31.6,3,no,southeast,4837.58
39,female,23.9,5,no,southeast,8582.3
26,female,19.8,1,no,southwest,3378.91
57,male,18.3,0,no,northeast,11534.87
32,female,29.7,0,no,northwest,4357.04
24,male,25.8,0,no,southwest,1972.95
45,female,35.3,0,no,southwest,7348.14
45,female,31.8,0,no,southeast,17929.3
30,male,37.8,2,yes,southwest,39241.44
27,male,33.2,2,no,northwest,4058.71
27,female,36.1,0,yes,southeast,37133.9
51,female,37.1,3,yes,northeast,46255.11
62,male,32.1,0,no,northeast,13555.0
49,male,29.8,1,no,northeast,9288.03
19,female,24.6,1,no,northwest,2709.24
35,male,36.7,1,yes,northeast,39774.28
36,male,30.9,1,no,northwest,5373.36
19,female,35.2,0,no,northwest,2134.9
21,female,34.9,0,no,southeast,2020.55
23,male,27.4,1,no,northwest,2789.06
25,male,25.8,1,no,northeast,3309.79
19,male,20.7,0,no,southwest,1242.82
35,male,30.5,1,no,southwest,4751.07
59,male,28.8,0,no,northwest,12129.61
39,female,32.8,0,no,southwest,5649.72
46,male,38.2,2,no,southeast,8347.16
25,female,23.5,0,no,northeast,3206.49
64,male,40.5,0,no,southeast,13831.12
25,female,22.5,1,no,northwest,3594.17
54,male,31.6,0,no,southwest,9850.43
58,male,49.1,0,no,southeast,11381.33
33,female,32.9,2,no,southwest,5375.04
62,male,30.0,0,no,northwest,13352.1
51,female,33.9,0,no,northeast,9866.3
62,female,39.2,0,no,southeast,13470.8
35,female,43.3,2,no,southeast,5846.92
57,male,23.7,0,no,southwest,10959.33
28,female,25.9,1,no,northwest,4133.64
20,female,30.6,0,no,northeast,2459.72
36,male,34.4,0,yes,southeast,37742.58
40,male,19.8,1,yes,southeast,17179.52
56,female,37.5,2,no,southeast,12265.51
29,male,35.5,2,yes,southwest,44585.46
20,female,31.5,0,no,southeast,1877.93
59,male,25.5,0,no,northwest,12124.99
47,female,26.1,1,yes,northeast,23401.31
35,male,24.4,3,yes,southeast,19362.0
34,male,21.4,0,no,northeast,4500.34
29,male,29.7,2,no,northwest,18157.88
25,male,25.7,0,no,southeast,2137.65
25,female,32.2,1,no,southeast,18218.16
57,female,31.8,0,no,northwest,11842.62
51,male,31.6,0,no,northwest,9174.14
46,female,23.7,1,yes,northwest,21677.28
31,male,28.6,1,no,northwest,4243.59
38,female,27.3,1,no,northeast,6555.07
45,female,35.8,0,no,northwest,7731.86
55,male,33.0,0,no,southeast,20781.49
18,male,21.5,0,no,northeast,1702.46
48,male,28.0,1,yes,southwest,23568.27
51,female,20.6,0,no,southwest,9264.8
19,male,31.9,0,yes,northwest,33750.29
61,male,36.3,1,yes,southwest,47403.88
48,female,32.3,2,no,northeast,10043.25
61,female,35.9,0,no,northeast,13635.64
49,male,36.9,0,no,southeast,8125.78
54,female,28.9,2,no,northeast,12096.65
32,male,35.2,2,no,southwest,4670.64
19,male,27.7,0,yes,southwest,16297.85
53,female,28.1,3,no,southwest,11741.73
47,male,47.5,1,no,southeast,8083.92
43,male,30.1,1,no,southwest,6849.03
18,female,26.3,0,no,northeast,2198.19
58,male,28.6,0,no,northwest,11735.88
54,female,31.9,3,no,southeast,27322.73
36,male,41.9,3,yes,northeast,43753.34
50,male,32.1,2,no,northeast,25333.33
29,female,32.1,2,no,northwest,4922.92
50,female,27.1,1,no,northeast,10106.13
22,female,28.8,0,no,southeast,2156.75
29,male,33.3,2,no,northwest,19442.35
18,female,38.3,0,no,southeast,1631.82
20,female,31.8,2,no,southeast,3056.39
19,female,28.9,0,no,southwest,1743.21
43,male,27.8,0,yes,southwest,37829.72
37,male,28.0,2,no,northwest,6203.9
40,female,25.5,1,no,northeast,7077.19
43,female,35.7,2,no,northeast,19144.58
30,male,31.4,1,no,southwest,3659.35
59,female,35.2,0,no,southeast,12244.53
31,female,38.1,1,yes,northeast,58571.07
41,male,32.2,2,no,southwest,6875.96
18,male,33.8,1,no,southeast,1725.55
51,male,37.0,0,no,southwest,8798.59
56,male,26.7,1,yes,northwest,26109.33
32,male,28.9,0,no,northwest,3866.86
20,male,33.3,0,no,southeast,1391.53
33,male,29.4,4,no,southwest,6059.17
52,male,32.2,3,no,northeast,11488.32
43,female,25.1,0,no,northeast,7325.05
31,male,39.5,1,no,southeast,3875.73
29,female,21.8,1,yes,northeast,16657.72
21,male,31.3,0,no,northwest,1909.53
18,male,30.1,0,no,southeast,1131.51
54,female,31.2,0,no,southeast,10338.93
30,male,24.4,3,yes,southwest,18259.22
36,male,28.6,3,no,northwest,6548.2
47,male,28.2,4,no,northeast,10407.09
49,male,25.8,1,no,northeast,9282.48
49,female,23.8,3,yes,northeast,24106.91
40,male,32.3,2,no,northwest,6986.7
62,female,33.2,0,no,southwest,13462.52
54,female,23.0,3,no,southwest,12094.48
61,male,36.1,3,no,southwest,27941.29
63,female,23.1,0,no,northeast,14451.84
47,female,23.6,1,no,southwest,8539.67
64,female,30.1,3,no,northwest,16455.71
48,male,29.7,0,no,southeast,7789.64
19,female,18.6,0,no,southwest,1728.9
41,female,33.1,2,no,northwest,7749.16
23,male,31.7,3,yes,northeast,36189.1
41,female,33.0,0,no,northwest,6571.02
23,male,32.6,0,no,southeast,1824.29
51,female,39.5,1,no,southwest,9880.07
61,female,36.4,1,yes,northeast,48517.56
44,female,36.5,0,no,northeast,12797.21
60,male,24.3,1,no,northwest,13112.6
51,female,36.4,3,no,northwest,11436.74
37,female,17.3,2,no,northeast,6877.98
39,male,34.1,2,no,southeast,23563.02
37,female,29.5,2,no,southwest,6311.95
35,male,27.1,1,no,southwest,4746.34
63,female,25.1,0,no,northwest,14254.61
19,male,30.6,0,no,northwest,1639.56
25,male,33.7,4,no,southeast,4504.66
53,female,26.6,0,no,northwest,10355.64
33,male,42.4,5,no,southwest,6666.24
54,female,32.7,0,no,northeast,10923.93
32,female,29.8,2,no,southwest,5152.13
22,male,52.6,1,yes,southeast,44501.4
39,female,32.5,1,no,southwest,6238.3
54,male,25.1,3,yes,southwest,25382.3
18,female,39.2,0,no,southeast,1633.04
24,female,27.6,0,no,southwest,18955.22
62,male,26.7,0,yes,northeast,28101.33
52,female,30.8,1,no,northeast,10797.34
58,male,36.1,0,no,southeast,11363.28
29,female,27.9,1,yes,southeast,19107.78
18,female,27.3,3,yes,southeast,18223.45
42,male,37.2,2,no,southeast,7162.01
61,male,43.4,0,no,southwest,12574.05
34,male,42.9,1,no,southwest,4536.26
48,female,28.9,1,no,northwest,9249.5
32,female,31.5,1,no,northeast,5148.55
52,male,34.5,3,yes,northwest,60021.4
53,female,24.8,1,no,northwest,10942.13
43,male,27.4,3,no,northeast,8606.22
24,female,39.5,0,no,southeast,2480.98
19,female,32.1,0,no,northwest,2130.68
31,male,20.4,0,no,southwest,3260.2
34,male,25.3,1,no,northwest,4894.75
39,male,29.9,1,yes,northeast,22462.04
59,female,36.5,1,no,southeast,28287.9
24,male,35.9,0,no,southeast,1986.93
49,male,28.7,3,no,northwest,10264.44
32,female,29.6,1,no,southeast,4562.84
22,male,20.0,3,no,northeast,4005.42
45,female,27.8,2,no,southeast,8515.76
44,male,32.0,2,no,northwest,8116.27
18,female,38.3,0,no,southeast,14133.04
42,female,32.9,0,no,northeast,7050.02
41,female,21.8,1,no,northeast,13725.47
34,female,31.9,1,yes,northeast,37701.88
21,male,26.0,0,no,northeast,2102.26
45,male,33.7,1,no,southwest,7445.92
46,female,32.3,2,no,northeast,9411.01
39,female,24.9,3,yes,northeast,21659.93
45,female,25.2,2,no,northeast,9095.07
32,male,30.0,1,no,southeast,4074.45
52,male,34.1,0,no,southeast,9140.95
25,male,26.8,3,no,southwest,3906.13
40,male,32.8,1,yes,northeast,39125.33
61,female,22.0,0,no,northeast,13616.36
40,male,22.7,2,no,northeast,7173.36
18,male,37.3,0,no,southeast,1141.45
52,male,26.4,3,no,southeast,25992.82
34,female,38.0,3,no,southwest,6196.45
49,male,22.5,0,no,northeast,8688.86
29,male,29.0,1,no,northeast,4040.56
45,male,24.0,2,no,northeast,8604.48
18,female,30.3,0,no,northeast,2203.74
47,male,25.4,1,yes,southeast,21978.68
36,male,33.8,1,no,northwest,5377.46
20,male,27.9,0,no,northeast,1967.02
58,male,35.7,0,no,southwest,11362.76
22,female,34.6,2,no,northeast,3925.76
42,male,36.0,2,no,southeast,7160.33
40,female,29.8,1,no,southeast,6500.24
26,male,33.9,1,no,northwest,3292.53
27,male,31.1,1,yes,southeast,34806.47
20,male,35.6,3,yes,northwest,37465.34
29,male,37.3,2,no,southeast,4058.12
43,female,29.9,1,no,southwest,7337.75
24,female,30.1,3,no,southwest,4234.93
18,male,34.4,0,no,southeast,1137.47
18,male,21.6,0,yes,northeast,13747.87
18,male,28.3,1,no,northeast,11272.33
22,male,33.8,0,no,southeast,1674.63
27,male,23.1,0,no,southeast,2483.74
52,male,32.8,3,no,northwest,11289.11
37,male,46.5,3,no,southeast,6435.62
39,male,45.4,2,no,southeast,6356.27
34,female,27.5,1,no,southwest,5003.85
62,female,31.7,0,no,northeast,14043.48
59,female,36.8,1,yes,northeast,47896.79
34,female,26.4,1,no,northwest,5385.34
43,female,20.0,2,yes,northeast,19798.05
35,female,26.1,0,no,northeast,5227.99
53,female,22.6,3,yes,northeast,24873.38
40,male,25.1,0,no,southeast,5415.66
35,female,28.0,0,yes,northwest,20234.85
57,female,38.0,2,no,southwest,12646.21
48,male,35.6,4,no,northeast,10736.87
21,female,32.7,2,no,northwest,26018.95
19,male,27.8,0,no,northwest,1635.73
23,female,33.4,0,no,southwest,10795.94
18,female,31.9,0,no,northeast,2205.98
41,male,37.1,2,no,northwest,7265.7
63,male,28.3,0,no,northwest,13770.1
45,male,20.4,3,no,southeast,8605.36
31,male,26.9,1,no,northeast,4441.21
29,male,27.2,0,no,southwest,2866.09
23,female,39.3,2,no,southeast,3500.61
46,female,33.4,1,no,southeast,8240.59
30,male,28.7,3,yes,northwest,20745.99
40,male,34.1,1,no,northeast,6600.21
22,female,27.1,0,no,southwest,2154.36
52,female,38.4,2,no,northeast,11396.9
